		
Graphie de eau :		
lemme : aigue	Nombres d'occurrences : 55	
eves	1	
eaue	5	
eve	49	
		
G+a lat. Et G + a,e,i germanique – conservation de la gutturale.		
§42 g pic. vs j fr à l'initiale		
		
Mot	Nombres d'occurrences total	Nombre d'occurrences
Lemme : jëuner	8	2
geuné	1	
jeunoient	1	
geuner	1	
jeuner	1	
jeuns	1	
jeunoit	1	
jeuna	2	
Lemme : jorge	3	2
jorge	1	
george	2	
Lemme : jëune	19	8
geunes	8	
jeunes	11	
Lemme : jeter	38	38
getés	1	
gietes	1	
gieté	1	
getetes	1	
geté	1	
giete	1	
getoient	1	
gietast	1	
gieter	2	
gieterent	2	
gieta	2	
getees	2	
geter	3	
getee	3	
geterent	4	
getez	5	
geta	7	
Lemme : jesir	64	57
geta	1	
gissant	1	
jurent	1	
gis	1	
gisant	2	
gisoient	3	
geü	6	
jut	6	
gist	7	
gesir	8	
gisoit	28	
		
§42 g pic. vs j fr à l'intérieur		
		
Mot	Nombres d'occurrences total	Nombre d'occurrences
Lemme : enjoindre	2	1
enjoing	1	
enjoint	1	
Lemme : rejeter	1	1
regieta	1	
Lemme : rejehir	14	10
regehissoit	1	
regehir	1	
regehis	1	
rejehisses	1	
rejehis	1	
regehissoient	1	
regehissons	1	
rejehir	2	
regehirent	2	
regehi	3	
		
		
§42 gu/gh pic. vs g à l'initiale 		
		
Mot	Nombres d'occurrences total	Nombre d'occurrences
Lemme : gaster	4	1
gasté	1	
gastoit	1	
gastee	1	
guasterent	1	
Lemme : garir	7	3
garie	1	
gueriz	1	
guerissoit	1	
garir	1	
guerir	1	
gariz	2	
Lemme : garison	8	4
guerissons	1	
guerisson	1	
garisons	2	
garisson	2	
guerison	2	
Lemme : gaire	7	5
guaires	1	
gaires	2	
gueres	4	
Lemme : gaitier	10	8
guetent	1	
guaitoit	1	
guetoient	1	
guaitent	1	
gaitoient	2	
guetoit	2	
guetier	2	
Lemme : gerir	48	48
gueresist	1	
gueries	1	
gueri	2	
guerie	4	
guerir	5	
guerissoient	5	
gueriz	30	
		
		
§42 gu/gh pic. vs g à l'intérieur 		
		
Mot	Nombres d'occurrences total	Nombre d'occurrences
Lemme : langor	2	1
languer	1	
langor	1	
Lemme : assëurer	1	1
assegure	1	
Lemme : igal	1	1
inguaus	1	
Lemme : orgoillosement	1	1
orguelleusement	1	
Lemme : enorgoillir	2	2
orguelli	1	
enorguellist	1	
Lemme : agait	2	2
aguaiz	1	
aguet	1	
Lemme : orgoillir	2	2
orguellesissent	1	
orgueilli	1	
Lemme : agaitier	4	3
agaitoit	1	
aguaitoit	1	
aguetier	2	
Lemme : mangier	85	3
menja	1	
mengoie	1	
menjames	1	
menjoit	1	
mengiez	1	
mengastes	1	
mengassent	1	
menjuces	1	
mengeront	1	
menguce	1	
mengue	2	
menjoient	2	
mengiers	2	
mengerai	2	
mengerons	2	
mengast	2	
mengeroit	3	
mengoient	3	
menga	5	
mengierent	5	
mengié	8	
mengoit	9	
mengier	30	
Lemme : lombart	3	3
longuebars	1	
longuebarz	2	
Lemme : orgoillos	4	4
orgueilleus	1	
orguilleus	3	
Lemme : langage	5	5
language	2	
languages	3	
Lemme : langoros	5	5
languereus	5	
Lemme : lonc	37	12
longues	1	
lons	2	
longe	5	
longue	11	
lonc	18	
Lemme : longement	30	20
longement	10	
longuement	20	
		
 g > ch en final 		
		
Mot	Nombres d'occurrences total	Nombre d'occurrences
Lemme : jugier	3	2
juchier	1	
juchiés	1	
juches	1	
Lemme : damage	8	4
damages	1	
domage	1	
damage	2	
domache	4	
Lemme : chargier	20	7
chargie	1	
charchast	1	
charchier	1	
chargies	1	
charga	2	
charcha	2	
charchié	3	
charchies	4	
charchiez	5	
		
		
Insertion d'un e svarabhaktique dans les groupes muta + liquide : br		
		
Mot	Nombres d'occurrences total	Nombre d'occurrences
Lemme : hydebre	6	4
hydebres	2	
hyldebert	4	
		
Insertion d'un e svarabhaktique dans les groupes muta + liquide : pr		
		
Mot	Nombres d'occurrences total	Nombre d'occurrences
Aucune occurrences		
		
Mot	Nombres d'occurrences total	Nombre d'occurrences
Aucune occurrences		
		
lemme : esperit	Nombres d'occurrences : 32	
spiritu	1	
esperiz	6	
esperit	25	
		
Insertion d'un e svarabhaktique dans les groupes muta + liquide : vr		
		
Mot	Nombres d'occurrences total	Nombre d'occurrences
Lemme : chevrie	1	1
chaverie	1	
Lemme : vivre1	69	2
viveroit	1	
vivanz	1	
vescu	1	
vesquist	1	
viut	1	
vives	1	
vesquissent	1	
viveras	1	
vesqi	2	
vive	2	
vis	2	
vesqissent	3	
vivoient	4	
vivoit	4	
vivent	5	
vivant	5	
vesqui	9	
vit	10	
vivre	15	
Lemme : boivre	23	2
boivent	1	
beverai	1	
beüst	1	
beüstes	1	
beveroit	1	
boives	1	
beü	2	
boivres	2	
bevoit	2	
but	3	
boivre	8	
Lemme : descovrir	10	5
descoverz	1	
descuevre	1	
descovrir	1	
descovrist	1	
descovri	1	
descovriez	1	
descoverte	2	
descovert	2	
Lemme : ovrir	17	5
ovroit	1	
ovrirent	1	
oevre	1	
ovrist	2	
overte	2	
ovrir	3	
overt	3	
ovri	4	
Lemme : povreté	8	6
povretez	1	
povertez	1	
povreté	1	
poverté	5	
Lemme : covrir	20	11
covroit	1	
covert	2	
covroient	2	
coverte	2	
covrir	2	
covri	2	
covrirent	2	
coverz	7	
		
Insertion d'un e svarabhaktique dans les groupes muta + liquide : vl		
		
Mot	Nombres d'occurrences total	Nombre d'occurrences
Aucune occurrences		
Les dentales : conservation d'un t final		
Conservation d'un t final dans les ppe		
		
Conservation d'un t final dans les autres mots		
		
Mot	Nombres d'occurrences total	Nombre d'occurrences
Aucune occurrences		
		
Insertion d'un e prostatique devant sc		
		
Mot	Nombres d'occurrences total	Nombre d'occurrences
Aucune occurrences		
Insertion d'un e prostatique devant st		
		
Mot	Nombres d'occurrences total	Nombre d'occurrences
Aucune occurrences		
Insertion d'un e prostatique devant sp		
		
Mot	Nombres d'occurrences total	Nombre d'occurrences
Lemme : esperit	32	1
spiritu	1	
esperiz	6	
esperit	25	
Lemme : esperitüel	2	1
spirituelment	1	
esperitueus	1	
		
Confusion graphique de -s- et -ss-		
Graphie -ss- pour -s-		
		
Mot	Nombres d'occurrences total	Nombre d'occurrences
Lemme : espès	4	1
espesses	1	
espes	1	
espés	2	
Lemme : amer1	33	1
amassent	1	
amer	1	
amerent	1	
aiment	1	
ame	1	
ama	1	
amai	2	
aime	5	
amoient	8	
amoit	12	
Lemme : onorer	13	1
oneroient	1	
honorassent	1	
honoerrai	1	
honorer	2	
honoroient	2	
honorez	2	
honora	2	
honeurent	2	
Lemme : establir	19	1
establissoit	1	
establirent	1	
establis	1	
establiz	1	
establies	2	
establir	2	
establie	4	
establi	7	
Lemme : chacier	23	1
chacierent	1	
chaçassent	1	
chaçoient	1	
chaças	1	
chaçoit	2	
chacié	3	
chaciez	3	
chacier	5	
chaça	6	
Lemme : desconfire	2	1
desconfeïssent	1	
desconfiz	1	
Lemme : adoucir	2	1
adoucissoit	1	
adoucier	1	
Lemme : blandir	1	1
blandissoient	1	
Lemme : bondir	1	1
boidissant	1	
Lemme : cerchier	5	1
cerchassent	1	
cercherent	1	
cerchier	1	
cercha	1	
chercha	1	
Lemme : garnir	2	1
garnissoit	1	
garniz	1	
Lemme : repentir	7	1
repentisses	1	
repentanz	1	
repentirent	1	
repenti	1	
repent	1	
repentoit	2	
Lemme : descendre	15	1
desfendu	1	
descenduz	1	
descendissent	1	
desfendera	1	
descendirent	1	
descendant	1	
descendoit	1	
descendi	1	
descent	1	
descendre	3	
descendoient	3	
Lemme : ocire	54	1
ocioit	1	
oceïssent	1	
oceïst	1	
oceïstes	1	
ocesist	1	
ochioit	1	
ocire	1	
ociroient	1	
ocirroient	1	
ociroit	1	
ocirroit	1	
ocistrent	2	
ocist	4	
ocis	11	
ocirre	26	
Lemme : esrachier2	1	1
esrachassent	1	
Lemme : orgoillir	2	1
orguellesissent	1	
orgueilli	1	
Lemme : entendre	114	1
entenderons	1	
entendissent	1	
entendie	1	
entenz	1	
entendus	1	
entenderoit	1	
entendans	1	
entens	2	
entendoient	2	
entendirent	3	
entendu	3	
entendent	4	
entendue	4	
entendist	5	
entent	7	
entendoit	13	
entendez	14	
entendi	20	
entendre	30	
Lemme : maisoncele	3	1
mesoncele	1	
maisonceles	1	
maissoncele	1	
Lemme : devoir	169	1
deümes	1	
deüsse	1	
deveroies	1	
deuïst	1	
doiomes	1	
doi	1	
deveroient	1	
devroit	2	
devroient	2	
devez	2	
devions	2	
durent	2	
doiz	3	
deveroit	3	
devons	4	
doie	4	
dut	5	
doivent	8	
deüst	12	
devoient	23	
devoit	44	
doit	46	
Lemme : lire2	1	1
lissoit	1	
Lemme : acomplir	7	1
acompliz	1	
acompleïsses	1	
acompli	1	
aconplir	1	
acomplies	1	
acomplir	2	
Lemme : enoiier	9	1
enmeine	1	
anuioit	1	
anuiez	1	
anuiassent	1	
anuier	1	
enoinz	1	
anoier	1	
ennuiez	2	
Lemme : garir	7	1
garie	1	
gueriz	1	
guerissoit	1	
garir	1	
guerir	1	
gariz	2	
Lemme : aboser	1	1
abessa	1	
Lemme : sëoir	28	1
seïssent	1	
seüst	1	
siece	1	
siet	2	
seoient	3	
seant	4	
seoir	5	
seoit	11	
Lemme : garantise	2	1
garantisse	1	
garantise	1	
Lemme : aprendre	13	1
aprisses	1	
apristrent	1	
aprist	3	
apris	4	
aprendre	4	
Lemme : desfermer	5	1
desfermees	1	
desfermassent	1	
defferma	1	
desfermer	2	
Lemme : jesir	64	1
geta	1	
gissant	1	
jurent	1	
gis	1	
gisant	2	
gisoient	3	
geü	6	
jut	6	
gist	7	
gesir	8	
gisoit	28	
Lemme : eslëecier	18	1
esleechier	1	
esleecie	1	
esleeçassent	1	
esleeçanz	1	
esleeciez	1	
esleeças	1	
esleecies	1	
esleece	1	
esleecierent	2	
esleeçoit	2	
esleeçoient	3	
esleecier	3	
Lemme : remanoir	35	1
remanoit	1	
remanroit	1	
remeint	1	
remesse	1	
remés	1	
ramenoit	1	
remenerent	1	
remansist	1	
remena	2	
remistrent	3	
remese	4	
remes	8	
remest	10	
Lemme : rachater	8	1
rachatassent	1	
rachateroit	1	
rachaté	1	
rachatas	1	
rachater	1	
rachata	3	
Lemme : repaire	19	1
repairai	1	
repairames	1	
repaires	1	
repairassent	1	
repera	1	
repaira	14	
Lemme : paistre	1	1
pesse	1	
Lemme : tresporter	2	1
tresportassent	1	
tresportee	1	
Lemme : reconter	93	1
raconterai	1	
raconteroie	1	
raconterei	1	
raconté	1	
racontés	1	
reconte	1	
raconteras	1	
racontasses	1	
racontez	1	
recontent	1	
racontee	1	
reconterent	1	
racontoient	1	
reconterai	1	
recontoit	1	
reconter	2	
racontees	2	
racontast	2	
reconta	3	
racontent	4	
raconterent	6	
racontes	6	
raconta	9	
raconte	20	
raconter	24	
Lemme : morir	92	1
moroit	1	
morust	1	
morussent	1	
mortes	1	
muerent	1	
morroit	1	
muirons	1	
muire	1	
muert	2	
morte	2	
morurent	2	
morras	2	
mors	4	
moroient	4	
morut	7	
mort	8	
morir	13	
morz	40	
Lemme : enrichir	2	1
enrichissoit	1	
enrichir	1	
Lemme : secorre1	24	1
socoroit	1	
secoreüsses	1	
socort	1	
soucorust	1	
secor	1	
secorus	1	
secort	1	
soceur	1	
soceurt	1	
secoroit	2	
secorust	2	
socorust	2	
secorre	3	
secoruz	3	
socorre	3	
Lemme : atendre	25	1
atendissent	1	
ateindre	1	
atendent	1	
aten	1	
atendre	1	
atendrai	1	
atenderai	1	
atendions	2	
atendi	3	
atendoit	3	
atent	4	
atendoient	6	
Lemme : aproismier	19	1
aproismast	1	
apresser	1	
aproisme	1	
aproismierent	3	
aproisma	5	
aproismier	8	
Lemme : devenir	18	1
devenus	1	
devenoient	1	
deviés	1	
devenir	1	
servissent	1	
devenuz	2	
devenue	2	
devindrent	2	
devient	2	
devint	5	
Lemme : batisier	40	1
baptisiez	1	
baptizassent	1	
baptize	1	
baptirent	1	
baptizast	2	
baptizie	2	
baptiziés	4	
baptiza	4	
baptizierent	5	
baptizier	6	
baptiziez	13	
Lemme : raviser	2	1
raviver	1	
ravissent	1	
Lemme : depecier	16	1
despechier	1	
despecié	1	
depecheroit	1	
depeçassent	1	
depecheroient	1	
depeçoient	1	
depecierent	1	
despeça	1	
depechier	2	
depecier	6	
Lemme : comparer2	2	1
comperassent	1	
comparee	1	
Lemme : ensembler	1	1
anssamblé	1	
Lemme : abatre	27	1
abitast	1	
abatuz	1	
abatissent	1	
abstenir	1	
abatues	1	
abatu	1	
abatist	2	
abatue	2	
abatirent	2	
abati	3	
abatre	12	
Lemme : destruire	43	1
destruiroit	1	
destruisist	1	
destruisissent	1	
destruise	1	
destruisoit	2	
destruiz	3	
destruit	3	
destruites	3	
destruist	4	
destruite	6	
destruire	18	
Lemme : aporter	74	1
aportant	1	
aportassent	1	
aporteroient	1	
aportoient	2	
aportees	2	
aportee	5	
aporterent	5	
aporta	6	
aportast	8	
aportoit	9	
aporter	9	
aportez	11	
aporté	14	
Lemme : recevoir	109	1
recevera	1	
receüst	1	
recevez	1	
receüssent	1	
recevrai	1	
recevroient	1	
rechoif	1	
reçoive	1	
reçoivent	1	
recheü	1	
reciurent	1	
receües	1	
receveroit	2	
recevoir	3	
recevoient	3	
reçurent	3	
rechut	3	
receüz	6	
receü	18	
receüe	18	
reçoivre	19	
reçut	22	
Lemme : maintenir	15	1
meintenu	1	
meintenist	1	
meintient	1	
maintint	1	
meintenue	1	
meintenissent	1	
meintint	1	
meintiegne	1	
meintenoit	3	
meintenir	4	
Lemme : häir	10	1
haïssent	1	
haoient	2	
het	2	
heent	2	
haoit	3	
Lemme : amaigrir	3	1
amaigrir	1	
amegrir	1	
amegrissoit	1	
Lemme : vendre	9	1
vendre	1	
vendist	1	
vendissent	1	
vendi	2	
vendoient	4	
Lemme : prester	14	1
prestai	1	
prestassent	1	
presterent	1	
prestast	1	
presterai	1	
presteras	1	
presta	1	
presté	7	
Lemme : porter	72	1
portant	1	
porteras	1	
portanz	1	
portient	1	
porteront	1	
portassent	1	
porterez	1	
porteroit	1	
port	1	
portons	1	
portai	1	
portent	1	
portes	1	
porterent	2	
porté	2	
portee	3	
porte	3	
portast	4	
portez	6	
portoient	7	
porta	7	
portoit	8	
porter	17	
Lemme : comander	165	1
conmandez	1	
conmanderoit	1	
coumanç	1	
coumada	1	
comandoit	1	
coumant	1	
comandes	1	
conmandas	1	
comandassent	1	
conmandast	1	
comandas	1	
comandera	1	
comandee	1	
coumandé	1	
comandees	1	
comandastes	1	
conmander	2	
conmandoit	2	
conmanderent	2	
conmande	3	
comandast	4	
coumanda	4	
comant	4	
comanderent	5	
conmandé	5	
comande	7	
comanç	7	
comandé	14	
conmanda	34	
comanda	56	
Lemme : desdeignier	2	1
desdeigna	1	
desdeignassent	1	
Lemme : forfaire	4	1
forfeïssent	1	
forfait	1	
fourfait	1	
forfete	1	
Lemme : enforcier1	1	1
enforçassent	1	
Lemme : crescent	1	1
cressencii	1	
Lemme : porchacier	4	1
porchaceroient	1	
porchaçasses	1	
porchaça	2	
Lemme : porrir	1	1
porrisse	1	
Lemme : enchantëor	1	1
enchanteresses	1	
Lemme : jöir	3	1
joïes	1	
joïssanz	1	
joianz	1	
Lemme : venice	2	1
venice	1	
venisse	1	
Lemme : demander	84	1
demandent	1	
demandons	1	
demandomes	1	
demandassent	1	
demandai	2	
demandast	2	
demandez	2	
demandames	3	
demande	4	
demandes	4	
demandé	4	
demandoit	6	
demander	8	
demanderent	10	
demanda	35	
Lemme : revenir	68	1
revenimes	1	
revenoie	1	
revendras	1	
revenissent	1	
revenoient	1	
revendrai	2	
revendroient	2	
revenoit	2	
revenist	4	
revenue	4	
revindrent	7	
revenir	7	
revenuz	10	
revint	25	
Lemme : consentir	5	1
consentent	1	
consentissions	1	
consentir	1	
consenti	1	
consentist	1	
Lemme : apercevoir	12	1
aperceü	1	
apercevoit	1	
aperçoivre	1	
apercevoir	1	
aperceüs	1	
aperceüe	1	
aperçurent	1	
aperceüssent	1	
aperçut	4	
Lemme : envoleper	5	1
envolepassent	1	
envolepez	1	
envoleperent	1	
envolepé	1	
envolepee	1	
Lemme : doter2	21	1
doutes	1	
doutoit	1	
doutez	1	
doutent	1	
dote	1	
douç	1	
doutoient	1	
doutassent	1	
dota	1	
douta	2	
doutast	2	
doute	2	
douter	3	
dotoient	3	
Lemme : desesperer	3	1
desespoire	1	
desesperez	1	
desesperassent	1	
Lemme : asie	4	1
almasse	1	
aise	3	
Lemme : laver	14	1
laverent	1	
lavassent	1	
lavoient	1	
lava	2	
lavoit	2	
lavez	3	
laver	4	
Lemme : felon	14	1
felonnies	1	
felonesche	1	
felenesse	1	
felons	2	
felon	4	
fel	5	
Lemme : covoitier	13	1
covoitast	1	
covoite	1	
covoitera	1	
covoitassent	1	
covoita	2	
couvoite	2	
covoitié	2	
covoitoit	3	
Lemme : grever	11	1
greveroit	1	
greveroient	1	
grevé	1	
grevoient	1	
greverent	1	
grevissions	1	
greva	1	
grevoit	2	
grever	2	
Lemme : buison	1	1
buisson	1	
Lemme : mener	99	1
mengast	1	
menees	1	
menons	1	
maine	1	
menroient	1	
meint	1	
meinent	1	
mengons	1	
menassent	1	
menroit	2	
menast	2	
mené	3	
meine	3	
menoient	4	
menee	4	
menez	5	
menerent	7	
mena	13	
menoit	19	
mener	28	
Lemme : amener	23	1
amenast	1	
amena	1	
amenoit	1	
amenoient	1	
enmena	1	
amenissiez	1	
amené	1	
amenerent	2	
amener	7	
amenez	7	
Lemme : oser	46	1
ose	1	
oseroie	1	
oseroient	1	
oseroit	1	
osasse	1	
osions	2	
osoient	2	
os	2	
osast	2	
osastes	2	
oses	3	
oserent	8	
osa	9	
osoit	11	
Lemme : demorer	60	1
demoustrast	1	
demoroies	1	
pardemorast	1	
demoroient	1	
demoerroient	1	
demorassent	1	
demostrast	2	
demoroit	2	
demorerent	3	
demoré	4	
demorer	19	
demora	24	
Lemme : raler	17	1
ralames	1	
ralassent	1	
ralast	2	
raler	3	
ralerent	5	
rala	5	
Lemme : mangier	85	1
menja	1	
mengoie	1	
menjames	1	
menjoit	1	
mengiez	1	
mengastes	1	
mengassent	1	
menjuces	1	
mengeront	1	
menguce	1	
mengue	2	
menjoient	2	
mengiers	2	
mengerai	2	
mengerons	2	
mengast	2	
mengeroit	3	
mengoient	3	
menga	5	
mengierent	5	
mengié	8	
mengoit	9	
mengier	30	
Lemme : tamise	1	1
tamisse	1	
Lemme : tenir1	107	1
tenons	1	
tendra	1	
ting	1	
tienz	1	
tenuz	1	
tenez	1	
tenrai	1	
tendroit	1	
tenissent	1	
tenduz	1	
tendrai	1	
tendront	1	
tieng	2	
tienent	3	
tenu	3	
tenue	4	
tient	5	
tindrent	5	
tenoient	7	
tenist	9	
tenir	15	
tint	16	
tenoit	26	
Lemme : demostrer	42	1
demoustrer	1	
demonstrer	1	
demostres	1	
demostrees	1	
demostrasses	1	
demostrai	1	
demostroit﻿	1	
demostrast	2	
demostree	2	
demostroit	3	
demostre	4	
demostré	6	
demostra	6	
demostrer	12	
Lemme : laidengier	13	1
laidengierent	1	
laidengié	1	
ledengier	1	
leidenga	1	
laidenja	1	
leidengiez	1	
laidengassent	1	
leidengoient	1	
laidengoit	2	
laidengier	3	
Lemme : geter	3	1
getames	1	
getassent	1	
getoient	1	
Lemme : laschece	1	1
lassece	1	
Lemme : norrir	5	2
norrissoit	1	
norriz	1	
norri	1	
norrissiez	1	
norrir	1	
Lemme : escïent	2	2
essient	1	
essïent	1	
Lemme : croire	94	2
creanz	1	
creroies	1	
creües	1	
croirons	1	
croit	1	
creü	1	
croirai	1	
croiz	1	
creüssent	2	
crurent	2	
crui	2	
croira	3	
creez	4	
creoit	4	
croient	6	
creons	7	
creoient	8	
crut	10	
croi	13	
croire	25	
Lemme : combatre	12	2
combatissent	1	
combati	1	
combatisses	1	
combatoit	2	
combatre	7	
Lemme : avenir	172	2
avienent	1	
aviegnent	1	
avenoient	1	
avenus	1	
avenues	2	
avenissent	2	
avenuz	2	
avindrent	3	
avient	3	
avenoit	4	
avenue	4	
avenir	9	
avenu	12	
avint	127	
Lemme : escondire	6	2
escondeïsse	1	
escondissoit	1	
escondire	2	
escondi	2	
Lemme : ensivre1	27	2
ensivoient	1	
ensivir	1	
ensivissons	1	
ensivimes	1	
ensivissent	1	
ensivist	1	
ensivrre	1	
ensuire	1	
ensignoit	1	
ensivoit	1	
ensivroit	2	
ensivre	7	
ensivi	8	
Lemme : gemir	8	2
gemirent	1	
jemissoient	1	
gemissoit	1	
gemi	1	
gemir	4	
Lemme : bas	6	2
basse	2	
bas	4	
Lemme : sivre	17	2
sivir	1	
suirent	1	
sivi	1	
sivent	1	
sivirent	2	
sivissent	2	
sivre	3	
sivoient	6	
Lemme : sofire	8	2
souffire	1	
sousfiroit	1	
sousfisse	1	
sosfist	1	
soffisse	1	
soffire	3	
Lemme : reconoistre	10	2
reconois	1	
reconoissoies	1	
regnoissoient	1	
reconoistre	1	
reconurent	1	
reconut	5	
Lemme : lire1	20	2
lirra	1	
leue	1	
liuç	1	
lissoit	1	
leüssent	1	
leüs	1	
leü	1	
liras	1	
list	1	
looit	1	
leüe	1	
lut	1	
lisoit	2	
lire	6	
Lemme : parler	153	2
parlast	1	
﻿parler	1	
parlai	1	
parlerai	1	
parlant	1	
parlerons	1	
parlions	2	
parlassent	2	
parole	2	
paroles	2	
parloient	3	
parloit	6	
parlerent	8	
parlé	12	
parla	53	
parler	57	
Lemme : penser	51	2
pense	1	
pensai	1	
passerons	1	
pessoit	1	
pensez	1	
penoient	1	
pensoient	2	
pensoie	2	
pensent	2	
penses	2	
penser	2	
penserent	3	
pensé	4	
pensoit	6	
pensa	22	
Lemme : croistre	12	2
crurent	1	
cremor	1	
crasse	1	
creüs	1	
croissoient	1	
creüe	2	
curez	2	
croistre	3	
Lemme : las	5	2
lasse	2	
las	3	
Lemme : criembre	25	2
cremirai	1	
cremist	1	
cremissent	1	
cremisse	1	
cremir	1	
cremez	1	
criembre	1	
criement	1	
cremoient	2	
cremirent	2	
criem	3	
cremoit	4	
cremi	6	
Lemme : combrisier	9	2
combrisassent	1	
combrises	1	
combrisserai	1	
combrisiez	3	
combrisa	3	
Lemme : perdre	40	2
perdi	1	
perdisse	1	
perderont	1	
perdit	1	
perdirent	1	
perdissent	1	
perdist	1	
perdoient	1	
perdoit	1	
perdues	1	
perdent	2	
perdre	2	
perduz	3	
perdu	10	
perdue	13	
Lemme : gros	3	2
gros	1	
grosses	2	
Lemme : debrisier	7	2
debrisassent	1	
debrissa	1	
debrisier	2	
debrisa	3	
Lemme : fuir	22	2
fuiant	1	
enfoïrent	1	
enfuioient	1	
enfuioit	1	
fouissent	1	
fuirons	1	
fuioient	1	
foïssent	1	
fuioit	2	
foïr	5	
fui	7	
Lemme : oster2	22	2
osté	1	
ostas	1	
osterent	1	
ostees	1	
ostast	1	
oste	1	
ostassent	2	
osta	5	
oster	9	
Lemme : sisiesme	4	2
sisimes	1	
sisiesme	1	
sissieme	1	
sissime	1	
Lemme : aemplir	31	3
aemplisse	1	
aemplis	1	
aemplirent	1	
aempliroient	1	
aempleïst	1	
aemplissoit	2	
aemplie	2	
aempliz	3	
aempli	7	
aemplir	12	
Lemme : movoir	41	3
movoient	1	
meüst	1	
meüs	1	
meüte	1	
moveroient	1	
meüz	2	
mouvoir	2	
meüssent	3	
murent	3	
meümes	3	
movoit	4	
mut	5	
movoir	14	
Lemme : guise	10	3
guisse	3	
guise	7	
Lemme : querre	51	3
quiers	1	
querions	1	
qierent	1	
quisissent	1	
qeur	1	
qist	1	
qeïssent	2	
querons	2	
queroit	2	
quis	2	
qerez	2	
qistrent	3	
qerant	3	
qeroient	4	
querant	4	
quist	5	
querre	7	
qerre	9	
Lemme : sofrir	53	3
soffroient	1	
sosfroit	1	
sousfrisse	1	
sosfri	1	
sosferroie	1	
soufferras	1	
suesfre	1	
sosfert	1	
sosfrisces	1	
sofferoit	1	
sofferroient	1	
sosferra	1	
sosferte	1	
souffri	1	
sofferront	1	
sueffre	2	
sosfroient	2	
soffrist	2	
soffrissent	2	
soffrez	2	
soffroit	3	
soffri	4	
soffert	5	
soffrir	7	
sosfrir	9	
Lemme : entrer	101	3
entrasse	1	
entrames	1	
entroient	1	
enterroit	1	
entres	1	
entroit	1	
entrastes	1	
entrés	2	
entrast	2	
entrassent	2	
entré	2	
enterrai	2	
entrai	3	
entree	4	
entrerent	11	
entrer	15	
entrez	16	
entra	35	
Lemme : alaschier	6	3
alassoit	1	
alascha	1	
alaschoit	2	
alasser	2	
Lemme : lïon	32	3
liens	2	
lionesse	3	
lion	9	
lions	18	
Lemme : garder	85	3
gardissons	1	
gardai	1	
gardions	1	
garderent	2	
garderoit	2	
gardassent	2	
gardent	3	
garda	3	
gart	3	
garderai	3	
gardé	4	
gardee	4	
gardast	4	
gardez	4	
gardoit	5	
gardoient	8	
garde	11	
garder	24	
Lemme : esgarder	37	3
esgardes	1	
esgardames	1	
esgardissions	1	
esgardions	1	
esgardee	1	
esgarde	1	
esgardasse	1	
esgarderons	1	
esgardassent	1	
esgarderent	2	
esgarda	2	
esgardez	2	
esgardé	2	
esgardoient	6	
esgarder	14	
Lemme : maison	108	3
messon	3	
mesons	4	
meson	101	
Lemme : entreprendre	19	3
entreprisses	1	
entreprisse	2	
entrepris	16	
Lemme : dire	955	3
deïsmes	1	
disions	1	
diroient	1	
deïssiez	1	
rendi	1	
dirons	2	
diras	2	
disoie	2	
disomes	2	
deïssent	2	
disant	3	
diroit	3	
deïs	3	
diz	4	
dies	4	
dient	5	
die	5	
diroie	6	
dis	7	
deïst	10	
dite	14	
di	15	
dirai	21	
disoient	29	
dites	32	
distrent	72	
disoit	75	
dit	86	
dire	131	
dist	415	
Lemme : convertir	16	3
convertissoient	1	
convertissent	1	
convertissoit	1	
converties	1	
convertirent	2	
convertir	2	
convertiz	2	
converti	3	
convertie	3	
Lemme : aorer2	32	3
aoré	1	
aeures	1	
aoroit	1	
aeuroient	1	
aora	1	
aorent	1	
oré	1	
aorerent	1	
aoree	2	
aeure	2	
aorassent	3	
aorez	4	
aorer	6	
aoroient	7	
Lemme : doner	186	3
dounee	1	
donra	1	
donames	1	
doing	1	
doinsiez	1	
donas	1	
donés	1	
douna	1	
donner	1	
donrai	1	
douner	2	
donoient	2	
doinses	2	
donons	2	
donroit	3	
donrons	3	
donassent	3	
donees	5	
doinst	6	
donez	7	
done	7	
donerent	8	
donoit	14	
donast	14	
doné	14	
donee	17	
doner	28	
dona	39	
Lemme : perir	12	3
perist	1	
peri	1	
perisse	1	
perie	1	
periras	1	
perirent	1	
periz	2	
perir	2	
perissoient	2	
Lemme : ardre	35	3
ardi	1	
arz	1	
arstrent	1	
arderai	1	
ardoient	1	
arst	2	
ars	2	
ardant	3	
ardoit	3	
arsissent	3	
ardoir	7	
ardanz	10	
Lemme : voloir	311	3
voldrai	1	
velt	1	
voil	1	
voloirs	1	
volions	1	
voellent	1	
vuelent	1	
voudrai	1	
volsist	1	
voudroiz	1	
vousisses	1	
voloie	1	
vourent	1	
veul	1	
vousistes	1	
vousis	1	
veut	2	
voudrions	2	
vousissent	2	
voeil	3	
voloir	3	
voudra	3	
volons	4	
voloies	4	
voudroie	4	
viut	4	
vius	4	
veus	4	
voelle	5	
volt	6	
voelent	7	
voudroit	7	
voudrent	7	
volez	9	
vousist	15	
voloient	21	
voel	22	
vout	60	
voloit	97	
Lemme : taire	21	3
teümes	1	
taises	1	
teürent	1	
taissiés	1	
tairai	1	
teisanz	1	
tere	2	
teire	2	
teut	2	
taire	2	
teüssent	2	
teüt	2	
teurent	3	
Lemme : esbäir	21	3
eshabi	1	
esbahissoit	1	
esbahirent	2	
esbahissoient	2	
esbahiz	6	
esbahi	9	
Lemme : metre2	220	4
mete	1	
meterai	1	
meteroit	1	
metoient	1	
meïs	1	
metroit	1	
mettre	2	
metez	2	
misent	3	
metoit	3	
meïssent	4	
met	6	
meïst	8	
mises	8	
mise	14	
mistrent	32	
metre	33	
mis	48	
mist	51	
Lemme : cuidier1	85	4
cuidié	1	
cuidier	1	
cuidons	1	
cuidissions	1	
quidai	1	
cuidoie	1	
quiç	2	
cuidames	2	
cuides	2	
cuidissiez	3	
cuidiez	3	
cuiç	3	
cuida	4	
cuidast	6	
cuident	8	
cuidierent	8	
cuit	9	
cuidoient	13	
cuidoit	16	
Lemme : rejehir	14	4
regehissoit	1	
regehir	1	
regehis	1	
rejehisses	1	
rejehis	1	
regehissoient	1	
regehissons	1	
rejehir	2	
regehirent	2	
regehi	3	
Lemme : garison	8	4
guerissons	1	
guerisson	1	
garisons	2	
garisson	2	
guerison	2	
Lemme : prendre	214	4
prendent	1	
preïsmes	1	
prenderas	1	
prendroit	1	
prendrons	1	
prenderoit	1	
preïstes	1	
preerent	1	
preigniez	1	
preïs	1	
prengent	2	
prenoient	2	
prisses	2	
prendroient	2	
prenez	2	
preïssent	2	
prenge	2	
prendoit	2	
prenoit	2	
proit	2	
prises	2	
prise	3	
preïst	3	
prent	3	
prenderoient	4	
pren	4	
prendra	6	
pris	15	
prendre	26	
pristrent	31	
prist	87	
Lemme : naistre	30	4
nest	1	
nés	1	
naissent	1	
nee	1	
nessoit	1	
nees	2	
nessent	2	
nestre	4	
nez	17	
Lemme : priier	163	4
pria	1	
priast	1	
proiasse	1	
proiés	1	
prioa	1	
prioient	1	
proioient	1	
proiames	1	
preïssons	1	
proierons	1	
prié	1	
priai	1	
proit	1	
priierent	2	
prie	2	
pri	2	
priier	2	
proiassent	2	
proiez	2	
prions	2	
prieur	2	
proié	3	
proie	3	
proioit	3	
prioit	4	
proiast	4	
proions	12	
proier	15	
proierent	24	
proi	25	
proia	41	
Lemme : raison	21	4
raison	1	
reisons	1	
ressons	1	
reison	2	
raisson	3	
reson	6	
resons	7	
Lemme : esjöir	4	4
esjoïssent	1	
esjoïssoit	1	
esjoïssoient	2	
Lemme : vivre1	69	4
viveroit	1	
vivanz	1	
vescu	1	
vesquist	1	
viut	1	
vives	1	
vesquissent	1	
viveras	1	
vesqi	2	
vive	2	
vis	2	
vesqissent	3	
vivoient	4	
vivoit	4	
vivent	5	
vivant	5	
vesqui	9	
vit	10	
vivre	15	
Lemme : servir	67	4
servirent	1	
seré	1	
serf	1	
siert	1	
serve	2	
serviroit	2	
servirai	2	
sert	2	
serviz	3	
servissent	4	
servi	7	
servoit	8	
servoient	9	
servent	10	
servir	14	
Lemme : träison	8	5
traïson	3	
traïsson	5	
Lemme : gerir	48	5
gueresist	1	
gueries	1	
gueri	2	
guerie	4	
guerir	5	
guerissoient	5	
gueriz	30	
Lemme : trover	124	5
trovons	1	
trueve	1	
troublez	1	
troveroie	1	
trovoie	1	
trovoit	1	
truevent	1	
trovee	1	
troveroient	1	
trovaisse	1	
troveroiz	1	
trovés	1	
troveroit	2	
troveras	2	
trovaissent	2	
trovassent	2	
trovez	3	
trovames	5	
trové	6	
trovai	8	
trover	17	
troverent	28	
trova	37	
Lemme : benëir	53	6
beneüree	1	
beneïs	1	
beneürés	1	
beneois	1	
beneoïs	1	
beneïssoient	1	
beneïssons	1	
benedicat	1	
beneürez	2	
beneüreuse	2	
beneoiz	3	
beneïrent	4	
beneïssant	4	
beneïz	5	
beneïr	6	
beneïe	7	
beneï	12	
Lemme : prison	17	7
prissons	1	
prisons	3	
prisson	6	
prison	7	
Lemme : vëoir	445	8
voiant	1	
voiz	1	
veoie	1	
veïsses	1	
revist	1	
veïsmes	1	
verront	1	
verroit	1	
verrai	1	
veïssent	1	
vois	1	
verroient	1	
veiés	1	
veïs	2	
veüz	2	
verroiz	2	
veüs	2	
vieus	2	
voit	3	
veons	3	
veïst	4	
veïssiez	6	
voie	6	
voi	9	
vi	9	
viç	9	
veües	10	
veez	10	
veïmes	11	
veoit	15	
veoient	15	
veüe	18	
veü	40	
veoir	50	
virent	67	
vit	137	
Lemme : resplendir	12	8
resplendissoient	1	
resplendir	1	
resplendissant	2	
resplendissanz	2	
resplendissoit	3	
resplendi	3	
Lemme : covoitise	14	8
couvoitisses	1	
covoitises	1	
covoitise	5	
covoitisse	7	
Lemme : savoir	418	9
sacrez	1	
sauroiz	1	
seü	1	
seüsse	1	
seüz	1	
sache	1	
savoies	1	
sacez	1	
savions	1	
saciés	1	
saura	1	
seüssiez	1	
savoirs	1	
sauroient	1	
mescest	1	
sout	1	
saçons	1	
sacent	2	
saurai	2	
ses	3	
sauroit	4	
sevent	4	
savez	4	
seüe	4	
sei	4	
saches	4	
seit	6	
savons	6	
sez	6	
set	6	
seüssent	7	
sace	9	
seüst	12	
saciez	19	
saces	19	
savoient	28	
sorent	30	
sachiez	31	
savoir	38	
sai	46	
sot	52	
savoit	55	
Lemme : aler	444	12
ira	1	
alasse	1	
irions	1	
ailliez	1	
iroie	1	
vait	1	
aillez	1	
irons	1	
alés	1	
iront	1	
voises	2	
vas	2	
alons	2	
vet	2	
iras	3	
alions	3	
iroient	3	
alee	4	
vont	4	
voist	4	
alai	6	
iroit	9	
alames	10	
alé	11	
alassent	11	
va	12	
alast	14	
aloient	18	
alez	28	
aloit	31	
alerent	44	
aler	81	
ala	130	
Lemme : venir	611	12
viegnes	1	
viegne	1	
venoies	1	
viegniez	1	
vinrent	1	
viens	1	
vendra	2	
venions	2	
venistes	2	
vien	2	
venez	2	
vendront	2	
venues	3	
venisse	3	
vendrai	3	
vendras	3	
venis	3	
vienent	4	
vendroit	4	
venu	5	
ving	5	
venus	5	
vendroient	5	
venimes	6	
venissent	9	
vient	10	
venist	16	
venue	27	
venoient	29	
venoit	30	
venir	57	
venuz	58	
vindrent	75	
vint	233	
Lemme : avoir	1960	16
auroies	1	
aurions	1	
avom	1	
eüsmes	1	
eüt	1	
ei	1	
auras	1	
aurez	1	
eüssiez	1	
aeurent	1	
out	1	
eurent	1	
eüsses	1	
eut	1	
eüstes	1	
eust	1	
eu	1	
aie	2	
averont	2	
eüsse	2	
eües	2	
aidié	2	
aviez	2	
auroiz	2	
aurai	3	
avions	3	
avoies	3	
euïst	3	
averoit	3	
aient	3	
auroient	3	
auront	5	
aura	5	
aions	5	
eüe	6	
eümes	6	
aiez	6	
eü	7	
oi	7	
aies	10	
eüssent	12	
avoie	12	
avoirs	13	
auroit	14	
ait	14	
avons	24	
avez	29	
ont	47	
eüst	48	
as	55	
orent	58	
a	85	
avoir	100	
ai	107	
avoient	191	
ot	240	
avoit	802	
Lemme : deguerpir	72	20
deguerpisse	1	
deguerpesissent	1	
deguerpissomes	1	
deguerpiroit	1	
destorboit	1	
deguerpissons	1	
deguerpira	1	
deguerpissiez	1	
deguerpis	1	
deguerpisist	1	
deguerpies	1	
deguerpist	1	
deguerpie	1	
deguerpissoient	2	
deguerpisses	2	
deguerpesis	2	
deguerpeïssent	3	
deguerpissoit	4	
deguerpissent	4	
deguerpiz	6	
deguerpirent	7	
deguerpir	8	
deguerpi	21	
Lemme : faire	991	21
faciat	1	
feites	1	
faissoit	1	
fissent	1	
fesions	1	
fei	1	
ferre	1	
feïz	1	
faisions	1	
faciez	1	
feïsses	1	
fesoies	1	
feroiz	1	
feïssons	1	
feisoit	2	
feisoient	2	
feras	2	
faites	2	
faisant	2	
faces	2	
facent	2	
feïmes	2	
feïsse	2	
fis	2	
faissoient	2	
fesant	2	
feront	3	
feïstes	3	
faz	3	
fes	5	
face	6	
ferai	6	
feïs	6	
fera	6	
fai	6	
faisoient	8	
feroient	10	
fez	12	
feïssent	13	
faite	14	
feroit	15	
faisoit	16	
fesoient	17	
font	18	
fetes	24	
feïst	29	
fesoit	29	
fete	31	
faire	34	
firent	51	
fait	53	
feire	58	
fet	104	
fere	174	
fist	199	
Lemme : conoistre	61	25
coneüst	1	
counut	1	
conisteroiz	1	
connoistre	1	
conneüssent	1	
conneües	1	
coneües	1	
conoisteront	1	
conneü	1	
conui	1	
conoissiez	1	
connurent	1	
connissoit	1	
coneüs	1	
conissoient	1	
conoissons	2	
conoist	2	
conoisse	2	
coneüssent	2	
conoissoient	2	
conois	2	
coneüz	2	
coneüe	2	
conut	3	
coneü	3	
conurent	4	
conoissent	4	
conoistre	7	
conoissoit	9	
Lemme : seignor	775	29
seigneur	1	
signeurs	1	
mesires	1	
seignors	2	
segnor	2	
signour	3	
signors	8	
signeur	13	
seignor	15	
monsignor	20	
messires	29	
sire	58	
monsigneur	71	
sires	147	
signor	404	
Lemme : estre1	2953	45
fusmes	1	
fussiez	1	
seions	1	
seroie	1	
fussions	1	
seroies	1	
fusces	1	
estoies	2	
seroient	2	
soies	2	
serras	2	
fustes	2	
fusses	2	
soie	3	
serai	3	
estant	3	
iert	3	
ester	3	
fus	3	
serra	3	
fumes	4	
soions	4	
fusse	5	
seras	5	
es	6	
seront	7	
estoie	8	
soiez	12	
fui	13	
soient	14	
estions	14	
erent	18	
somes	18	
estes	20	
sera	23	
ert	24	
ies	25	
sui	29	
soit	36	
fussent	36	
seroit	40	
estre	68	
esté	71	
sont	79	
fust	125	
furent	130	
est	297	
estoient	347	
fu	565	
estoit	870	
Lemme : pöoir	408	73
poroient	1	
poi	1	
porroie	1	
porai	1	
porrions	1	
porrez	1	
peus	1	
peüsses	1	
potest	1	
poroie	1	
porroiz	1	
peüs	1	
porras	2	
peüssiez	2	
poés	2	
poroit	2	
peümes	2	
puent	2	
pooie	2	
porra	2	
porrai	2	
poons	2	
pout	3	
pueent	4	
puis	4	
puissiez	5	
porrent	6	
porroient	6	
puez	6	
puisses	7	
puist	9	
puissons	10	
puissent	12	
pooir	13	
puisse	16	
porent	18	
peüssent	20	
pooient	21	
puet	23	
porroit	29	
poez	31	
pot	34	
peüst	44	
pooit	55	
Lemme : orison	142	140
orisons	2	
orisson	36	
orissons	104	
Lemme : eglise	165	146
yglisse	1	
eglyses	1	
eglysse	2	
glisse	3	
eglyse	6	
eglise	12	
eglisses	18	
eglisse	122	
		
		
Graphie -s- pour -ss-		
		
Mot	Nombres d'occurrences total	Nombre d'occurrences
Lemme : rassembler	1	1
rasamblees	1	
Lemme : eslaissier	2	1
esleeciez	1	
esleeçassent	1	
Lemme : asseoir	25	1
assist	1	
asistrent	1	
asseoir	2	
asseïmes	2	
assistrent	2	
asseoit	2	
assises	3	
assise	4	
assis	8	
Lemme : paroisse	2	1
parroce	1	
parosse	1	
Lemme : essemplaire2	1	1
exemplaire	1	
Lemme : messie	1	1
mesnie	1	
Lemme : cyparissus	1	1
quaparse	1	
Lemme : soussir	1	1
souse	1	
Lemme : assoagier	3	1
assouagoit	1	
asouaga	1	
assoagerai	1	
Lemme : enchasser	1	1
enchaciez	1	
Lemme : assembler	94	2
asamblerent	1	
asembla	1	
assamblés	1	
assembla	1	
assambler	1	
assembleroient	1	
assemblees	2	
assembloient	2	
assemblé	2	
assemblassent	2	
assembler	2	
assamblerent	3	
assamblees	3	
assambla	4	
assemblez	13	
assemblerent	14	
assamblé	19	
assamblez	22	
Lemme : assoudre	7	2
asoudre	1	
asousist	1	
assouz	1	
assous	1	
assouses	1	
assoust	2	
Lemme : bisse	2	2
bische	2	
Lemme : froissier	3	2
froischier	1	
froisça	1	
froissiez	1	
Lemme : defroissier	3	2
defroiscier	1	
defroissoit	1	
defroisça	1	
Lemme : dessevrer	4	3
desevrez	1	
desevrer	1	
desevree	1	
dessevrast	1	
Lemme : fausseté	3	3
fauseté	3	
Lemme : issir	96	11
issisent	1	
issimes	1	
issent	1	
istera	1	
is	1	
isteroit	1	
issus	2	
ist	2	
isses	2	
issiez	2	
isteront	2	
istront	2	
ississent	2	
istrai	2	
issist	3	
issue	3	
issoient	3	
issu	4	
issuz	4	
issirent	7	
issoit	10	
issir	15	
issi	25	
Lemme : laissier	144	13
leissoient	1	
lessai	1	
leissent	1	
lessasent	1	
lessions	1	
lessissons	1	
lesseroient	1	
leissons	1	
lessas	1	
lessent	1	
lesseront	1	
lairons	1	
lait	1	
lairoit	1	
laissai	1	
lessie	1	
lessoient	2	
let	2	
lesses	2	
lesse	2	
lessoit	4	
lessons	4	
lest	4	
lai	4	
lessassent	5	
lessiez	7	
lessié	8	
lessier	11	
lessast	13	
lessierent	21	
lessa	39	
Lemme : aussi	151	21
ausi	6	
ausint	15	
aussint	61	
aussi	69	
Lemme : essemple	24	24
exemples	2	
exemple	3	
examples	6	
example	13	
		
		
s intérieur devant consonne entraine en r en pic		
		
Mot	Nombres d'occurrences total	Nombre d'occurrences
Lemme : escharnir	1	1
escharnir	1	
Lemme : trespercier	1	1
trespercerai	1	
Lemme : descorder1	1	1
descordoient	1	
Lemme : descorder	1	1
descordé	1	
Lemme : paroisse	2	1
parroce	1	
parosse	1	
Lemme : desrubant	1	1
derrubans	1	
Lemme : moster	1	1
mosterroie	1	
Lemme : estordir	1	1
estordiz	1	
Lemme : estorbeillon	1	1
estorbellons	1	
Lemme : espöenter	20	1
espoenté	1	
espoentés	1	
espoentees	1	
emportoit	1	
espoorie	1	
espooriz	1	
espoenter	1	
espoentez	13	
Lemme : espandre	10	1
espant	1	
esparse	1	
espandre	1	
espandi	1	
espanduz	2	
espandue	4	
Lemme : amenistrer	3	1
amenisterrons	1	
amenistre	1	
amenistroient	1	
Lemme : enoscurcir	1	1
enobscurci	1	
Lemme : cyparissus	1	1
quaparse	1	
Lemme : restorer	1	1
restoerroit	1	
Lemme : marsdi	1	1
mardi	1	
Lemme : deschargier	1	1
descharchiez	1	
Lemme : escarteler	1	1
esqartelez	1	
Lemme : esclarcir	1	1
esclarciz	1	
Lemme : esforcier	1	1
esforcier	1	
Lemme : desroter	1	1
derroutes	1	
Lemme : esperdre	2	2
esperdu	2	
Lemme : arceveschié	2	2
arcevesqié	2	
Lemme : descovrir	10	2
descoverz	1	
descuevre	1	
descovrir	1	
descovrist	1	
descovri	1	
descovriez	1	
descoverte	2	
descovert	2	
Lemme : espartir	6	2
esparst	1	
espart	1	
es﻿partirent	1	
esparti	1	
esparz	2	
Lemme : rescorre	3	2
rescous	1	
rescorre	2	
Lemme : tresporter	2	2
tresportassent	1	
tresportee	1	
Lemme : esforcier1	2	2
esforciez	1	
esforcier	1	
Lemme : esmerveillable	2	2
esmerveillables	1	
esmerveillable	1	
Lemme : espargnier	2	2
espargnerai	1	
espargnoit	1	
Lemme : desconforter	3	3
desconfortez	1	
desconfortee	1	
desconfortés	1	
Lemme : esforcier2	3	3
esforcierent	1	
efforçoit	1	
efforcierent	1	
Lemme : desfermer	5	5
desfermees	1	
desfermassent	1	
defferma	1	
desfermer	2	
Lemme : estre1	2953	5
fusmes	1	
fussiez	1	
seions	1	
seroie	1	
fussions	1	
seroies	1	
fusces	1	
estoies	2	
seroient	2	
soies	2	
serras	2	
fustes	2	
fusses	2	
soie	3	
serai	3	
estant	3	
iert	3	
ester	3	
fus	3	
serra	3	
fumes	4	
soions	4	
fusse	5	
seras	5	
es	6	
seront	7	
estoie	8	
soiez	12	
fui	13	
soient	14	
estions	14	
erent	18	
somes	18	
estes	20	
sera	23	
ert	24	
ies	25	
sui	29	
soit	36	
fussent	36	
seroit	40	
estre	68	
esté	71	
sont	79	
fust	125	
furent	130	
est	297	
estoient	347	
fu	565	
estoit	870	
Lemme : trestorner	7	7
trestornoit	1	
trestornes	1	
trestorneroient	1	
trestorné	2	
trestorner	2	
Lemme : desverie	11	11
derverie	11	
Lemme : esmerveillier	30	30
esmervellier	1	
esmerveillames	1	
esmerveilloie	1	
esmerveilles	1	
esmerveillions	1	
esmerveille	1	
esmervella	1	
esmervelloit	1	
esmerveilloient	1	
esmervelloient	2	
esmervellierent	2	
esmerveilliez	3	
esmerveil	3	
esmerveillierent	5	
esmerveilla	6	
Lemme : desver	33	32
desver	1	
dervees	1	
dervee	4	
dervé	7	
dervez	20	
Lemme : esgarder	37	37
esgardes	1	
esgardames	1	
esgardissions	1	
esgardions	1	
esgardee	1	
esgarde	1	
esgardasse	1	
esgarderons	1	
esgardassent	1	
esgarderent	2	
esgarda	2	
esgardez	2	
esgardé	2	
esgardoient	6	
esgarder	14	
Lemme : arcevesque	37	37
archevesque	1	
archevesqe	1	
arcevesques	1	
archevesqes	8	
arcevesqe	8	
arcevesqes	18	
Lemme : arester	48	47
arrestoien	1	
arrestees	1	
rarestai	1	
arrestez	2	
arreste	2	
arresterent	3	
arrestent	3	
arrestoient	4	
arrestoit	5	
arresta	11	
arrester	15	
		
		
		
w-germ initial > pic. w intérieur devant consonne entraine en r en pic		
		
Mot	Nombres d'occurrences total	Nombre d'occurrences
Aucune occurrences		
		
		
-abulu, abile > pic. -aule, -avle		
		
Mot	Nombres d'occurrences total	Nombre d'occurrences
Aucune occurrences		
		
Les liquides		
rl passe à ll assimilation		
		
Mot	Nombres d'occurrences total	Nombre d'occurrences
Aucune occurrences		
		
r parasite ?		
		
Mot	Nombres d'occurrences total	Nombre d'occurrences
Aucune occurrences		
Grapihe de tristesse		
lemme : tristece	Nombres d'occurrences : 8	
tristreces	1	
tristece	3	
tristrece	4	
		
		
labdacisme ?		
		
Mot	Nombres d'occurrences total	Nombre d'occurrences
Aucune occurrences		
